,Bed_number,Bath_number,Square_foot,Price,Expected Price,Price Percentage Increase,Address,Latitude,Longitude
0,2.0,1.0,900.0,2600.0,2120.001359821227,1.226,"53 Main St , Somerville, MA 02145",42.396636400000006,-71.09935528295745
1,3.0,1.5,1587.0,3700.0,3312.332987601616,1.117,"26 Quincy St, Malden, MA 02148",42.4168933,-71.08352695404324
2,2.0,2.5,1389.0,3995.0,2825.934008771811,1.413,"12 Princeton St , Medford, MA 02155",42.40601065,-71.10902946975771
3,2.0,1.0,1200.0,2600.0,2287.5088887703096,1.136,"724 Broadway , Somerville, MA 02144",42.40001215,-71.11312548119386
4,4.0,1.0,1300.0,3600.0,3672.226586884931,0.98,"50 Lambert St , Medford, MA 02155",42.42356505,-71.09185554999999
5,2.0,1.0,1200.0,2900.0,2287.5088887703096,1.267,"669 Fellsway , Medford, MA 02155",42.40733568152504,-71.08244621651518
7,3.0,2.0,1300.0,3750.0,3296.38257716152,1.137,"417 Salem St , Medford, MA 02155",42.4223577,-71.09227442768925
9,1.0,1.0,600.0,1900.0,1288.052903306348,1.475,"324 Boston Ave , Medford, MA 02155",42.4119192,-71.1219509238638
10,6.0,2.0,2200.0,4225.0,5792.227946706158,0.729,"227 Boston Ave , Medford, MA 02155",42.414633550000005,-71.12682095
11,3.0,1.0,2300.0,3400.0,3566.144089149408,0.953,"42 Chipman St , Medford, MA 02155",42.417720599999996,-71.09073012956344
12,2.0,2.0,1229.0,3500.0,2592.298201077774,1.35,"3920 Mystic Valley Pkwy , Medford, MA 02155",42.40480368666233,-71.0854813626345
13,3.0,1.0,1200.0,2850.0,2951.9498163361063,0.965,"7 North St , Medford, MA 02155",42.41685366666667,-71.12419633333333
14,5.0,2.0,1500.0,4500.0,4736.936118259169,0.949,"349 Salem St , Medford, MA 02155",42.42152055,-71.09624532919997
15,3.0,1.0,1200.0,3800.0,2951.9498163361063,1.287,"49 Fellsview Ave, Medford, MA 02155",42.4314588,-71.1006721812395
16,4.0,2.0,1600.0,4600.0,4128.331033676399,1.114,"45 Pearl St , Medford, MA 02155",42.41124000623734,-71.1116799264908
17,3.0,1.0,1133.0,3450.0,2914.539801537478,1.183,"7 Greenleaf Ave, Medford, MA 02155",42.41233885,-71.12076424542403
18,1.0,1.0,800.0,2000.0,1399.724589272403,1.428,"18 Ship Ave , Medford, MA 02155",42.4130539,-71.0993194585239
19,5.0,5.5,2103.0,7995.0,6083.715463895177,1.314,"70-72 Stanley Ave , Medford, MA 02155",42.40985915792783,-71.11188875618355
20,4.0,1.5,2235.0,3900.0,4338.59017769743,0.898,"338 Riverside Ave , Medford, MA 02155",42.41182205,-71.09413305000001
21,5.0,2.0,1895.0,5500.0,4957.487698042127,1.109,"22 Harris Rd, Medford, MA 02155",42.4141615,-71.12770359999999
22,2.0,1.0,900.0,2600.0,2120.001359821227,1.226,"77 Billings Ave , Medford, MA 02155",42.40804745,-71.1056642581018
23,4.0,1.0,1494.0,4800.0,3780.548122272003,1.269,"10 Greenleaf Ave, Medford, MA 02155",42.41257625,-71.12045041202299
24,3.0,1.0,1134.0,3875.0,2915.098159967308,1.329,"70 Billings Ave , Medford, MA 02155",42.408269000000004,-71.1061022
25,6.0,5.5,2215.0,6975.0,6810.692535601965,1.024,"5 Malvern Terrace , Medford, MA 02155",42.41002335,-71.10747230000001
26,2.0,1.0,1100.0,2800.0,2231.673045787282,1.254,"9 Brookings St , Medford, MA 02155",42.41514905,-71.11605978978366
27,2.0,2.0,1016.0,2700.0,2473.3678555239253,1.091,"65 Valley St F, Medford, MA 02155",,
28,3.0,1.0,1150.0,3300.0,2924.031894844593,1.128,"63 Burnside St , Medford, MA 02155",42.41844495,-71.09101536811036
30,5.0,2.0,2300.0,5500.0,5183.622862123388,1.061,"132 George St , Medford, MA 02155",42.41318125,-71.11770022337171
31,3.0,1.0,1200.0,3500.0,2951.9498163361063,1.185,"565 Riverside Ave , Medford, MA 02155",42.4089231,-71.08156990400072
32,3.0,2.5,1920.0,3800.0,3786.863262577483,1.003,"12 Ship Ave , Medford, MA 02155",42.412673600000005,-71.0987418
33,6.0,5.5,2215.0,6975.0,6810.692535601965,1.024,"5 Malvern Terrace, Medford, MA 02155",42.41002335,-71.10747230000001
34,2.0,2.0,1154.0,2600.0,2550.421318840503,1.019,"56 Bower St , Medford, MA 02155",42.41926255,-71.13115355486877
35,4.0,4.5,2100.0,5300.0,5129.002543197503,1.033,"478 Fulton St , Medford, MA 02155",42.4356732,-71.09660538110892
36,6.0,5.0,2441.0,8975.0,6792.583081822413,1.321,"10 Marion St , Medford, MA 02155",42.4032797,-71.10748490979066
37,3.0,1.0,1200.0,3700.0,2951.9498163361063,1.253,"14 Everett St , Medford, MA 02155",42.420786250000006,-71.10063362595659
38,3.0,1.0,1277.0,3300.0,2994.9434154330374,1.101,"254 Harvard St, Medford, MA 02155",42.40359425,-71.11117002759764
39,4.0,2.0,2000.0,4000.0,4351.674405608509,0.919,"74 Windsor Rd , Medford, MA 02155",42.4086194,-71.112238303906
40,6.0,1.5,2216.0,6600.0,5656.8632226622485,1.166,"252 Harvard St, Medford, MA 02155",42.40371966666667,-71.11128233333334
41,2.0,1.0,1000.0,2500.0,2175.8372028042545,1.148,"10 Wareham St , Medford, MA 02155",42.404059734763564,-71.10802733572598
42,3.0,1.5,1200.0,3400.0,3096.2482752572996,1.098,"34 Metcalf St , Medford, MA 02155",42.4154578410058,-71.11434911337288
43,3.0,1.0,1000.0,2800.0,2840.2781303700517,0.985,"71 Adams St , Medford, MA 02155",42.410426599999994,-71.12662179539919
44,4.0,2.0,1700.0,4900.0,4184.166876659427,1.171,"23 Bradford Ave, Medford, MA 02155",42.40394189795918,-71.11164887755103
45,4.0,2.0,1400.0,4000.0,4016.659347710344,0.995,"222 Fellsway W , Medford, MA 02155",42.4246613,-71.09502157426886
46,4.0,2.0,1400.0,4000.0,4016.659347710344,0.995,"222 Fellsway W , Medford, MA 02155",42.4246613,-71.09502157426886
47,4.0,2.0,1400.0,4000.0,4016.659347710344,0.995,"222 Fellsway W , Medford, MA 02155",42.4246613,-71.09502157426886
48,4.0,1.0,1460.0,4300.0,3761.5639356577744,1.143,"28 Hancock St , Medford, MA 02155",42.4097084,-71.1082799
49,5.0,2.0,1715.0,4000.0,4856.983180672678,0.823,"203 Boston Ave , Medford, MA 02155",42.415137900000005,-71.12762496324635
51,4.0,1.0,1000.0,4000.0,3504.7190579358485,1.141,"55 Frederick Ave , Medford, MA 02155",42.40944575,-71.1118075503733
52,3.0,1.0,1000.0,3200.0,2840.2781303700517,1.126,"55 Frederick Ave , Medford, MA 02155",42.40944575,-71.1118075503733
53,2.0,1.0,1000.0,3000.0,2175.8372028042545,1.378,"12 Hancock Ct , Medford, MA 02155",42.4107326,-71.1071532
54,2.0,2.0,1229.0,3000.0,2592.298201077774,1.157,"3920 Mystic Valley Pkwy , Medford, MA 02155",42.40480368666233,-71.0854813626345
55,2.0,1.0,1000.0,2600.0,2175.8372028042545,1.194,"37 Almont St , Medford, MA 02155",42.4234395,-71.0959215
56,3.0,2.5,2000.0,4475.0,3831.5319369639055,1.167,"54 Mystic St, Medford, MA 02155",42.42096685,-71.12648336981123
57,2.0,1.0,950.0,2500.0,2147.9192813127406,1.163,"306 Fellsway W , Medford, MA 02155",42.4250752,-71.09802639975369
58,2.0,1.0,2200.0,2400.0,2845.8673186005835,0.843,"91 Hillsdale Rd , Medford, MA 02155",42.41162187272068,-71.12458788016501
59,2.0,2.0,1078.0,2900.0,2507.9860781734023,1.156,"30 Revere Beach Pkwy , Medford, MA 02155",42.405072000000004,-71.07939361654944
60,3.0,2.0,1133.0,4200.0,3203.136719379864,1.311,"270 Harvard St, Medford, MA 02155",42.40339325,-71.11176451821228
61,2.0,1.0,1100.0,2800.0,2231.673045787282,1.254,"213 Forest St , Medford, MA 02155",42.42650209999999,-71.10494829999999
62,5.0,5.5,1999.0,7995.0,6025.646187192828,1.326,"70-72 Stanley Ave, Medford, MA 02155",42.40985915792783,-71.11188875618355
63,2.0,2.0,1400.0,3100.0,2687.7774925787508,1.153,"30 Revere Beach Pkwy , Medford, MA 02155",42.405072000000004,-71.07939361654944
64,5.0,2.0,1999.0,4300.0,5015.556974744475,0.857,"217 Boston Ave, Medford, MA 02155",42.414829999999995,-71.12718724999999
66,3.0,1.0,1133.0,3000.0,2914.539801537478,1.029,"43 Orchard St, Medford, MA 02155",42.41398135,-71.12269475
67,1.0,1.0,550.0,2000.0,1260.1349818148342,1.587,"293 Spring Street Extension , Medford, MA 02155",42.423727549999995,-71.09107895541918
68,5.0,5.5,2103.0,7995.0,6083.715463895177,1.314,"70 Stanley Ave , Medford, MA 02155",42.4097576,-71.11255370177545
69,2.0,1.0,1050.0,2700.0,2203.7551242957684,1.225,"5 Thatcher St , Medford, MA 02155",42.4150939,-71.10032759999999
70,3.0,2.0,1365.0,4200.0,3332.675875100488,1.26,"60 Irving St, Medford, MA 02155",42.42287385,-71.12984071283515
71,2.0,2.0,1206.0,3300.0,2579.4559571916775,1.279,"3920 Mystic Valley Pkwy , Medford, MA 02155",42.40480368666233,-71.0854813626345
72,4.0,1.0,1200.0,3600.0,3616.390743901903,0.995,"131 Yale St , Medford, MA 02155",42.40413125,-71.11310470423018
73,1.0,1.0,745.0,2900.0,1369.0148756317376,2.118,"100 Station Landing , Medford, MA 02155",42.401518100000004,-71.08080060994453
74,3.0,1.0,1000.0,3200.0,2840.2781303700517,1.126,"131 Yale St , Medford, MA 02155",42.40413125,-71.11310470423018
75,2.0,2.0,1097.0,3200.0,2518.594888340178,1.27,"100 High St , Medford, MA 02155",42.419033049999996,-71.11350637735252
76,4.0,3.0,2562.0,5600.0,4954.06876101551,1.13,"1 Via Marino, Medford, MA 02155",42.430476,-71.10879945364434
78,5.0,2.0,2200.0,4100.0,5127.787019140361,0.799,"23 Forest St , Medford, MA 02155",42.41901415,-71.10886779503551
79,5.0,2.0,2200.0,4225.0,5127.787019140361,0.823,"227 Boston Ave, Medford, MA 02155",42.414633550000005,-71.12682095
80,3.0,2.0,1700.0,3750.0,3519.7259490936303,1.065,"132 Allston St , Medford, MA 02155",42.4239593,-71.12935652539474
81,3.0,2.0,1133.0,3000.0,3203.136719379864,0.936,"98 Edward St, Medford, MA 02155",42.4007134,-71.10316355061667
82,3.0,2.0,2100.0,3700.0,3743.069321025739,0.988,"24 Brooks Park, Medford, MA 02155",42.412086900000006,-71.10902381680901
83,2.0,1.0,1000.0,2700.0,2175.8372028042545,1.24,"14 Hancock Ct , Medford, MA 02155",42.4107326,-71.1071532
84,3.0,1.0,1500.0,2800.0,3119.4573452851887,0.897,"85 Partridge Ave , Somerville, MA 02145",42.39591725,-71.1020005975
85,4.0,2.0,1800.0,4225.0,4240.002719642454,0.996,"124 Bonner Ave, Medford, MA 02155",42.40513383644513,-71.10268564698171
86,3.0,1.0,1100.0,3000.0,2896.113973353079,1.035,"75 Gordon St , Somerville, MA 02144",42.4136155,-71.13015694783834
87,5.0,2.0,1600.0,4595.0,4792.771961242196,0.958,"68 Winchester St, Medford, MA 02155",42.40086585,-71.11035839686079
88,3.0,2.5,2000.0,4300.0,3831.5319369639055,1.122,"1166 Fellsway , Malden, MA 02148",42.42119463606189,-71.08590295569736
89,3.0,1.0,1100.0,3350.0,2896.113973353079,1.156,"115 Bartlett St , Somerville, MA 02145",42.39549875,-71.10046628767039
90,3.0,1.0,1200.0,2999.0,2951.9498163361063,1.015,"115 Bartlett St , Somerville, MA 02145",42.39549875,-71.10046628767039
91,2.0,1.0,1100.0,3000.0,2231.673045787282,1.344,"246 Harvard St , Medford, MA 02155",42.403728349999994,-71.11096105
92,3.0,2.0,1300.0,4600.0,3296.38257716152,1.395,"159 Boston Ave , Somerville, MA 02144",42.41612085,-71.12908810400762
93,3.0,1.0,1200.0,2700.0,2951.9498163361063,0.914,"47 Orchard St , Medford, MA 02155",42.4141451,-71.12298448644859
94,2.0,1.0,900.0,2600.0,2120.001359821227,1.226,"133 Heath St , Somerville, MA 02145",42.3966794,-71.09788799496144
95,5.0,2.0,2200.0,4225.0,5127.787019140361,0.823,"221 Boston Ave , Medford, MA 02155",42.414703349999996,-71.12693410132505
96,2.0,2.0,1274.0,3700.0,2617.4243304201364,1.413,"395 Alewife Brook Pkwy H, Somerville, MA 02144",,
97,3.0,2.0,1200.0,3000.0,3240.5467341784924,0.925,"98 Edward St , Medford, MA 02155",42.4007134,-71.10316355061667
98,4.0,1.5,1800.0,3800.0,4095.704260721261,0.927,"34 Bay State Ave , Somerville, MA 02144",42.399429100000006,-71.11488044103496
99,1.0,1.0,920.0,2900.0,1466.7276008520355,1.977,"30 Holton St , Medford, MA 02155",42.41841185,-71.13314854999999
100,5.0,2.0,1600.0,4900.0,4792.771961242196,1.022,"65 Conwell Ave , Somerville, MA 02144",42.408008800000005,-71.12766515
101,3.0,1.0,1200.0,3300.0,2951.9498163361063,1.117,"68 Kenmere Rd , Medford, MA 02155",42.41719005,-71.08739
102,2.0,1.0,920.0,2500.0,2131.1685284178325,1.173,"15 5th St , Medford, MA 02155",44.174595259812634,-93.24012269318038
103,3.0,2.0,1250.0,7000.0,3268.4646556700063,2.141,"14 Renfrew St, Medford, MA 02155",42.40828775,-71.1117999538091
104,3.0,2.0,1250.0,3900.0,3268.4646556700063,1.193,"14 Renfrew St, Medford, MA 02155",42.40828775,-71.1117999538091
105,4.0,1.0,1900.0,4400.0,4007.241644783095,1.098,"27 Princeton St , Medford, MA 02155",42.406104,-71.109744
106,5.0,2.0,1999.0,6000.0,5015.556974744475,1.196,"217 Boston Ave , Medford, MA 02155",42.414829999999995,-71.12718724999999
107,2.0,2.0,1000.0,3200.0,2464.4341206466406,1.298,"26 Bradlee Rd , Medford, MA 02155",42.41945435494936,-71.11043
108,5.0,2.0,1895.0,5500.0,4957.487698042127,1.109,"22 Harris Rd , Medford, MA 02155",42.4141615,-71.12770359999999
109,3.0,1.0,1140.0,3450.0,2918.44831054629,1.182,"7 Greenleaf Ave , Medford, MA 02155",42.41233885,-71.12076424542403
110,2.0,1.0,920.0,3400.0,2131.1685284178325,1.595,"430 Main St , Medford, MA 02155",42.403247449999995,-71.1067920491202
111,3.0,1.0,1300.0,3300.0,3007.7856593191336,1.097,"254 Harvard St , Medford, MA 02155",42.40359425,-71.11117002759764
112,2.0,1.5,1250.0,2950.0,2459.7252691830163,1.199,"45 Court St, Medford, MA 02155",42.42237865,-71.09977058887489
113,3.0,1.0,1200.0,3000.0,2951.9498163361063,1.016,"43 Orchard St, Medford, MA 02155",42.41398135,-71.12269475
114,3.0,2.0,1740.0,4250.0,3542.060286286841,1.199,"36 Hillsboro Rd, Medford, MA 02155",42.42551765,-71.08996441498435
115,3.0,1.0,999.0,3600.0,2839.719771940221,1.267,"112 College Ave , Medford, MA 02155",42.409305756458096,-71.11466062579515
116,2.0,1.5,750.0,3000.0,2180.5460542678793,1.375,"29 Capen St , Medford, MA 02155",42.411356749999996,-71.12375043797928
117,4.0,1.0,1200.0,4600.0,3616.390743901903,1.271,"82 Quincy St , Medford, MA 02155",42.41044,-71.12707135180537
118,1.0,1.5,750.0,3000.0,1516.1051267020823,1.978,"1 S Street Ct , Medford, MA 02155",42.417009,-71.112338
119,5.0,5.5,2200.0,7995.0,6137.876231588713,1.302,"76 Stanley Ave , Medford, MA 02155",42.40984217037599,-71.11287634166116
120,5.0,2.0,2200.0,4225.0,5127.787019140361,0.823,"223 Boston Ave , Medford, MA 02155",42.414771571428574,-71.12686385714287
121,5.0,2.0,2200.0,4225.0,5127.787019140361,0.823,"221 Boston Ave , Medford, MA 02155",42.414703349999996,-71.12693410132505
122,5.0,2.0,2200.0,4225.0,5127.787019140361,0.823,"229 Boston Ave , Medford, MA 02155",42.4144579,-71.12659230193842
124,2.0,2.0,950.0,2700.0,2436.516199155127,1.108,"47 Orchard St , Medford, MA 02155",42.4141451,-71.12298448644859
125,5.0,4.5,2100.0,5300.0,5793.443470763299,0.914,"476 Fulton St, Medford, MA 02155",42.43545847758269,-71.0965652169319
126,1.0,2.0,800.0,3000.0,1688.3215071147893,1.776,"21 Bradlee Rd , Medford, MA 02155",42.41938625,-71.10994155124023
127,6.0,1.5,2500.0,6600.0,5815.437016734047,1.134,"252 Harvard St, Medford, MA 02155",42.40371966666667,-71.11128233333334
128,5.0,2.0,2200.0,6000.0,5127.787019140361,1.17,"22 Harris Rd , Medford, MA 02155",42.4141615,-71.12770359999999
129,2.0,1.0,950.0,3400.0,2147.9192813127406,1.582,"430 Main St , Medford, MA 02155",42.403247449999995,-71.1067920491202
130,6.0,5.5,2500.0,6975.0,6969.824688103593,1.0,"5 Malvern Terrace , Medford, MA 02155",42.41002335,-71.10747230000001
131,3.0,1.0,1200.0,3300.0,2951.9498163361063,1.117,"254 Harvard St , Medford, MA 02155",42.40359425,-71.11117002759764
132,6.0,1.5,2200.0,6600.0,5647.929487784964,1.168,"254 Harvard St , Medford, MA 02155",42.40359425,-71.11117002759764
133,3.0,1.0,1134.0,3875.0,2915.098159967308,1.329,"70 Billings Ave, Medford, MA 02155",42.408269000000004,-71.1061022
134,2.0,1.0,800.0,2500.0,2064.165516838199,1.211,"15 5th St , Medford, MA 02155",44.174595259812634,-93.24012269318038
135,4.0,2.0,1300.0,3875.0,3960.8235047273174,0.978,"9 Medford St , Medford, MA 02155",42.401401050000004,-71.1064899537148
136,4.0,2.0,1300.0,3875.0,3960.8235047273174,0.978,"11 Medford St , Medford, MA 02155",42.401401050000004,-71.1064899537148
137,4.0,2.0,1300.0,3875.0,3960.8235047273174,0.978,"13 Medford St , Medford, MA 02155",42.4013022,-71.10642010683563
138,4.0,2.0,1800.0,4225.0,4240.002719642454,0.996,"124 Bonner Ave , Medford, MA 02155",42.40513383644513,-71.10268564698171
139,4.0,2.0,1800.0,4225.0,4240.002719642454,0.996,"128 Bonner Ave , Medford, MA 02155",42.4052505,-71.10257648182409
140,5.0,5.5,3000.0,7995.0,6584.562975452933,1.214,"70 Stanley Ave , Medford, MA 02155",42.4097576,-71.11255370177545
141,2.0,1.0,900.0,2600.0,2120.001359821227,1.226,"101 Boston Ave , Medford, MA 02155",42.41832775,-71.13246077171858
142,4.0,3.5,2500.0,5200.0,5063.748997287226,1.026,"119 Burget Ave, Medford, MA 02155",42.40946036583219,-71.1176820460892
143,5.0,3.0,2600.0,6200.0,5639.7273089148575,1.099,"39 Bonner Ave, Medford, MA 02155",42.4042209,-71.10557610000001
144,6.0,4.0,3267.0,7800.0,6965.190227019833,1.119,"633 Boston Ave, Medford, MA 02155",42.4008089,-71.11257000223836
145,4.0,1.0,1500.0,3600.0,3783.8982728509854,0.951,"10 Pinkham Rd, Medford, MA 02155",42.4143143,-71.12669505
146,4.0,4.5,3000.0,5300.0,5631.52513004475,0.941,"476 Fulton St , Medford, MA 02155",42.43545847758269,-71.0965652169319
147,4.0,1.0,2500.0,5200.0,4342.256702681259,1.197,"10 Greenleaf Ave, Medford, MA 02155",42.41257625,-71.12045041202299
148,3.0,1.0,2100.0,3450.0,3454.472403183353,0.998,"7 Greenleaf Ave, Medford, MA 02155",42.41233885,-71.12076424542403
149,2.0,2.0,1000.0,3250.0,2464.4341206466406,1.318,"616 Boston Ave M, Medford, MA 02155",,
150,2.0,1.0,1000.0,2650.0,2175.8372028042545,1.217,"157 Spring St , Medford, MA 02155",42.418396440419635,-71.09214889481846
151,2.0,1.0,930.0,2750.0,2136.7521127161353,1.287,"293 Boston Ave , Medford, MA 02155",42.4124488,-71.123567648571
152,3.0,2.0,1200.0,3850.0,3240.5467341784924,1.188,"44 William St, Medford, MA 02155",42.398873,-71.106296
153,5.0,2.0,1600.0,4595.0,4792.771961242196,0.958,"68 Winchester St, Medford, MA 02155",42.40086585,-71.11035839686079
154,2.0,1.0,1000.0,2575.0,2175.8372028042545,1.183,"17 Princeton St, Medford, MA 02155",42.406210570503916,-71.10931771798431
155,3.0,1.0,950.0,4200.0,2812.360208878538,1.493,"119 Burget Ave, Medford, MA 02155",42.40946036583219,-71.1176820460892
156,3.0,2.0,999.0,3850.0,3128.3166897826077,1.23,"44 William St, Medford, MA 02155",42.398873,-71.106296
157,3.0,2.0,1050.0,3850.0,3156.7929697039517,1.219,"44 William St , Medford, MA 02155",42.398873,-71.106296
158,3.0,2.0,1050.0,3850.0,3156.7929697039517,1.219,"42 William St , Medford, MA 02155",42.39891085,-71.10622030505262
159,5.0,2.0,2200.0,4225.0,5127.787019140361,0.823,"227 Boston Ave, Medford, MA 02155",42.414633550000005,-71.12682095
160,4.0,1.0,1500.0,4800.0,3783.8982728509854,1.268,"10 Greenleaf Ave , Medford, MA 02155",42.41257625,-71.12045041202299
161,6.0,1.5,2200.0,6600.0,5647.929487784964,1.168,"252 Harvard St , Medford, MA 02155",42.40371966666667,-71.11128233333334
162,4.0,2.0,1800.0,4225.0,4240.002719642454,0.996,"124 Bonner Ave , Medford, MA 02155",42.40513383644513,-71.10268564698171
163,5.0,1.0,999.0,6250.0,4168.601627071815,1.499,"14 Fairmount St , Medford, MA 02155",42.410373875000005,-71.120329875
164,3.0,1.0,1000.0,3900.0,2840.2781303700517,1.373,"59 Quincy St , Medford, MA 02155",42.412305694541814,-71.12607275107683
165,4.0,2.0,1350.0,3875.0,3988.7414262188304,0.971,"9 Medford St -bed, Medford, MA 02155",,
166,5.0,2.0,1600.0,4595.0,4792.771961242196,0.958,"68 Winchester St, Medford, MA 02155",42.40086585,-71.11035839686079
167,4.0,1.0,1200.0,5200.0,3616.390743901903,1.437,"77 Pearson Rd, Somerville, MA 02144",42.40309195,-71.11533392344334
168,4.0,3.0,2000.0,4200.0,4640.271323450896,0.905,"231 Spring St, Medford, MA 02155",42.4212858,-71.09150790337797
169,2.0,1.0,1000.0,2700.0,2175.8372028042545,1.24,"157 Spring St, Medford, MA 02155",42.418396440419635,-71.09214889481846
170,2.0,1.0,1000.0,2700.0,2175.8372028042545,1.24,"17 Dwyer Cir, Medford, MA 02155",42.41329835,-71.1145551929637
171,3.0,1.0,1000.0,3600.0,2840.2781303700517,1.267,"112 College Ave, Medford, MA 02155",42.409305756458096,-71.11466062579515
172,2.0,1.5,800.0,3000.0,2208.4639757593927,1.358,"29 Capen St, Medford, MA 02155",42.411356749999996,-71.12375043797928
173,5.0,2.0,1200.0,6500.0,4569.428589310086,1.422,"136 Burget Ave, Medford, MA 02155",42.409172600000005,-71.11707758222346
174,6.0,3.0,2000.0,7800.0,5969.15317858249,1.306,"17 Tesla Ave, Medford, MA 02155",42.409985750000004,-71.12364008274992
175,3.0,2.5,1905.0,4000.0,3778.4878861300294,1.058,"12 Ship Ave, Medford, MA 02155",42.412673600000005,-71.0987418
176,2.0,2.0,900.0,3000.0,2408.5982776636138,1.245,"22 Bradlee Rd, Medford, MA 02155",42.419486750000004,-71.11050142838937
177,4.0,2.0,2500.0,6000.0,4630.853620523646,1.295,"39 Bonner Ave, Medford, MA 02155",42.4042209,-71.10557610000001
178,5.0,2.0,1200.0,6500.0,4569.428589310086,1.422,"57 Quincy St, Medford, MA 02155",42.41152305,-71.12681489845326
179,3.0,1.0,950.0,4050.0,2812.360208878538,1.44,"117 Burget Ave , Medford, MA 02155",42.40942025,-71.11776539680648
180,2.0,1.0,1000.0,3200.0,2175.8372028042545,1.47,"17 Princeton St, Medford, MA 02155",42.406210570503916,-71.10931771798431
181,3.0,2.0,1500.0,4500.0,3408.054263127575,1.32,"349 Salem St, Medford, MA 02155",42.42152055,-71.09624532919997
182,4.0,4.5,2100.0,5300.0,5129.002543197503,1.033,"476 Fulton St, Medford, MA 02155",42.43545847758269,-71.0965652169319
183,3.0,2.0,1680.0,4250.0,3508.5587804970246,1.211,"105 Myrtle St, Medford, MA 02155",42.415315500000005,-71.08753659999999
184,6.0,5.5,2215.0,6975.0,6810.692535601965,1.024,"5 Malvern Terrace , Medford, MA 02155",42.41002335,-71.10747230000001
185,3.0,2.5,2000.0,4675.0,3831.5319369639055,1.22,"54 Mystic St, Medford, MA 02155",42.42096685,-71.12648336981123
186,6.0,3.0,2483.0,4600.0,6238.840300190513,0.737,"94 Monument St, Medford, MA 02155",42.41872065,-71.13416200258237
187,4.0,2.0,2000.0,4600.0,4351.674405608509,1.057,"50 Hamilton St , Medford, MA 02155",42.4130691,-71.12867831713854
188,2.0,1.0,1160.0,2800.0,2265.1745515770986,1.236,"37 Willard Ave , Medford, MA 02155",42.40296995918367,-71.10595032653062
189,3.0,2.0,1700.0,3900.0,3519.7259490936303,1.108,"132 Allston St, Medford, MA 02155",42.4239593,-71.12935652539474
190,3.0,2.5,1680.0,3850.0,3652.8572394182174,1.053,"97 Myrtle St, Medford, MA 02155",42.415315500000005,-71.08753659999999
191,2.0,2.0,1178.0,2900.0,2563.82192115643,1.131,"12 9th St , Medford, MA 02155",45.14017660113566,-90.32922253580035
192,4.0,1.0,1800.0,4400.0,3951.405801800068,1.113,"27 Princeton St , Medford, MA 02155",42.406104,-71.109744
193,3.0,3.0,2000.0,3975.0,3975.830395885099,0.999,"231 Spring St A, Medford, MA 02155",,
194,4.0,1.0,1460.0,4300.0,3761.5639356577744,1.143,"28 Hancock Ave A, Medford, MA 02155",,
195,4.0,1.0,2250.0,3400.0,4202.667095223691,0.809,"17 Stoughton St , Medford, MA 02155",42.415054,-71.12829314999999
196,5.0,2.0,1500.0,4350.0,4736.936118259169,0.918,"349 Salem St, Medford, MA 02155",42.42152055,-71.09624532919997
197,4.0,1.0,1900.0,4400.0,4007.241644783095,1.098,"27 Princeton St, Medford, MA 02155",42.406104,-71.109744
198,3.0,2.0,2000.0,4500.0,3687.2334780427127,1.22,"154 Lincoln Rd, Medford, MA 02155",42.427721399999996,-71.11657689773585
199,2.0,1.0,1000.0,2500.0,2175.8372028042545,1.148,"10 Wareham St , Medford, MA 02155",42.404059734763564,-71.10802733572598
200,2.0,2.0,875.0,3000.0,2394.6393169178564,1.252,"26 Bradlee Rd, Medford, MA 02155",42.41945435494936,-71.11043
201,2.0,1.0,950.0,2600.0,2147.9192813127406,1.21,"16 Emerald St , Medford, MA 02155",42.4215092,-71.09102972540164
202,2.0,2.5,1680.0,4150.0,2988.416311852421,1.388,"107 Myrtle St, Medford, MA 02155",42.415315500000005,-71.08753659999999
203,2.0,2.0,1193.0,2950.0,2572.197297603884,1.146,"22 9th St , Medford, MA 02155",45.14017660113566,-90.32922253580035
204,3.0,1.0,1314.0,3200.0,3015.6026773367576,1.061,"428 Main St , Medford, MA 02155",42.4033451,-71.1068391512818
205,6.0,5.0,2800.0,7000.0,6993.033758131482,1.0,"18 3rd St, Medford, MA 02155",42.329195166666665,-122.87631083333333
207,2.0,2.0,875.0,3200.0,2394.6393169178564,1.336,"26 Bradlee Rd, Medford, MA 02155",42.41945435494936,-71.11043
208,6.0,2.0,3599.0,7875.0,6573.371390038712,1.198,"14 Windsor Rd , Medford, MA 02155",42.4084747,-71.11000131723519
209,2.0,2.0,1200.0,3000.0,2576.105806612696,1.164,"30 Revere Beach Pkwy , Medford, MA 02155",42.405072000000004,-71.07939361654944
210,2.0,2.0,1150.0,3850.0,2548.1878851211823,1.51,"235 Winthrop St , Medford, MA 02155",42.4197734,-71.1172750306881
211,6.0,2.0,2500.0,8000.0,5959.73547565524,1.342,"53 Bristol Rd, Medford, MA 02155",42.40201505,-71.11435694577469
212,4.0,2.0,1719.0,4500.0,4194.775686826202,1.072,"118 Summer St , Medford, MA 02155",42.41553705,-71.11669516838828
213,6.0,2.0,1875.0,8000.0,5610.761457011319,1.425,"53 Bristol Rd , Medford, MA 02155",42.40201505,-71.11435694577469
214,3.0,2.0,1542.0,3800.0,3431.5053171804466,1.107,"696 Fulton St, Medford, MA 02155",42.44058125,-71.09458833543556
215,2.0,1.0,1000.0,2700.0,2175.8372028042545,1.24,"157 Spring St , Medford, MA 02155",42.418396440419635,-71.09214889481846
216,3.0,1.0,1500.0,3600.0,3119.4573452851887,1.154,"21 Hillsdale Rd , Medford, MA 02155",42.4125765,-71.12417468163045
217,3.0,1.0,1200.0,3900.0,2951.9498163361063,1.321,"58 Stanley Ave , Medford, MA 02155",42.409713499999995,-71.1121055242415
218,4.0,1.0,1800.0,4400.0,3951.405801800068,1.113,"19 Princeton St , Medford, MA 02155",42.4062512,-71.1094724587243
219,4.0,1.0,999.0,3600.0,3504.1606995060183,1.027,"10 Pinkham Rd , Medford, MA 02155",42.4143143,-71.12669505
220,5.0,5.5,999.0,6800.0,5467.287757362554,1.243,"62 Bradbury Ave , Medford, MA 02155",42.41042525,-71.08196263872017
221,5.0,2.0,1600.0,4595.0,4792.771961242196,0.958,"88 Winchester St , Medford, MA 02155",42.3999254,-71.10950779633436
222,5.0,2.0,1895.0,6000.0,4957.487698042127,1.21,"22 Harris Rd , Medford, MA 02155",42.4141615,-71.12770359999999
223,2.0,1.0,1100.0,3000.0,2231.673045787282,1.344,"246 Harvard St , Medford, MA 02155",42.403728349999994,-71.11096105
224,2.0,1.0,1000.0,2500.0,2175.8372028042545,1.148,"15 5th St , Medford, MA 02155",44.174595259812634,-93.24012269318038
225,2.0,1.5,1000.0,2500.0,2320.135661725448,1.077,"15 5th St , Medford, MA 02155",44.174595259812634,-93.24012269318038
226,2.0,2.0,700.0,2800.0,2296.9265916975587,1.219,"26 Bradlee Rd, Medford, MA 02155",42.41945435494936,-71.11043
227,4.0,1.0,1300.0,4600.0,3672.226586884931,1.252,"82 Quincy St , Medford, MA 02155",42.41044,-71.12707135180537
228,3.0,1.0,950.0,4200.0,2812.360208878538,1.493,"119 Burget Ave , Medford, MA 02155",42.40946036583219,-71.1176820460892
229,4.0,1.5,1300.0,4600.0,3816.525045806124,1.205,"82 Quincy St , Medford, MA 02155",42.41044,-71.12707135180537
230,5.0,2.0,1800.0,6500.0,4904.443647208251,1.325,"136 Burget Ave , Medford, MA 02155",42.409172600000005,-71.11707758222346
232,4.0,1.0,1800.0,4400.0,3951.405801800068,1.113,"27 Princeton St , Medford, MA 02155",42.406104,-71.109744
233,2.0,2.0,750.0,2795.0,2324.844513189072,1.202,"96-1 Bristol Rd , Medford, MA 02155",42.40152953812144,-71.11377045398778
234,2.0,1.0,916.0,3400.0,2128.9350946985114,1.597,"430 Main St , Medford, MA 02155",42.403247449999995,-71.1067920491202
235,3.0,1.0,1133.0,2700.0,2914.539801537478,0.926,"47 Orchard St , Medford, MA 02155",42.4141451,-71.12298448644859
236,2.0,1.0,1100.0,2500.0,2231.673045787282,1.12,"26 Madison St, Medford, MA 02155",42.42372695,-71.13314611083723
237,6.0,5.5,2215.0,6975.0,6810.692535601965,1.024,"5 Malvern Terrace, Medford, MA 02155",42.41002335,-71.10747230000001
238,3.0,2.0,1485.0,4000.0,3399.6788866801207,1.176,"65 Quincy St , Medford, MA 02155",42.4112678,-71.12701219485396
239,1.0,1.0,680.0,2100.0,1332.72157769277,1.575,"34 Capen St , Medford, MA 02155",42.41111205,-71.12415555000001
240,4.0,1.0,1800.0,4400.0,3951.405801800068,1.113,"27 Princeton St, Medford, MA 02155",42.406104,-71.109744
241,5.0,2.0,2200.0,4345.0,5127.787019140361,0.847,"227 Boston Ave, Medford, MA 02155",42.414633550000005,-71.12682095
242,5.0,2.0,1999.0,4300.0,5015.556974744475,0.857,"217 Boston Ave , Medford, MA 02155",42.414829999999995,-71.12718724999999
244,2.0,1.0,1000.0,2900.0,2175.8372028042545,1.332,"30 Holton St , Medford, MA 02155",42.41841185,-71.13314854999999
245,2.0,1.0,1100.0,2700.0,2231.673045787282,1.209,"9 Willard Ave , Medford, MA 02155",42.402799,-71.10623234162045
246,4.0,3.0,2000.0,4100.0,4640.271323450896,0.883,"231 Spring St , Medford, MA 02155",42.4212858,-71.09150790337797
247,4.0,2.0,2500.0,6000.0,4630.853620523646,1.295,"39 Bonner Ave , Medford, MA 02155",42.4042209,-71.10557610000001
248,3.0,1.0,950.0,4200.0,2812.360208878538,1.493,"119 Burget Ave , Medford, MA 02155",42.40946036583219,-71.1176820460892
249,3.0,1.0,1000.0,4050.0,2840.2781303700517,1.425,"62 Frederick Ave , Medford, MA 02155",42.409228645622235,-71.11198637106239
250,2.0,1.0,1000.0,2800.0,2175.8372028042545,1.286,"30 Holton St , Medford, MA 02155",42.41841185,-71.13314854999999
251,5.0,5.5,2100.0,7995.0,6082.040388605686,1.314,"70 Stanley Ave, Medford, MA 02155",42.4097576,-71.11255370177545
252,4.0,4.5,2100.0,5300.0,5129.002543197503,1.033,"476 Fulton St, Medford, MA 02155",42.43545847758269,-71.0965652169319
253,6.0,5.5,2215.0,6975.0,6810.692535601965,1.024,"5 Malvern Terrace, Medford, MA 02155",42.41002335,-71.10747230000001
254,2.0,1.0,750.0,3400.0,2036.247595346686,1.669,"430 Main St , Medford, MA 02155",42.403247449999995,-71.1067920491202
255,4.0,2.0,2000.0,5200.0,4351.674405608509,1.194,"7 Bonner Ave , Medford, MA 02155",42.40393265,-71.10682228004134
256,2.0,1.0,900.0,2750.0,2120.001359821227,1.297,"50 Hamilton St , Medford, MA 02155",42.4130691,-71.12867831713854
257,3.0,1.0,1000.0,2900.0,2840.2781303700517,1.021,"66 Kenmere Rd , Medford, MA 02155",42.41719005,-71.08739
258,6.0,5.5,2215.0,6975.0,6810.692535601965,1.024,"5 Malvern Terrace , Medford, MA 02155",42.41002335,-71.10747230000001
259,2.0,1.0,730.0,2600.0,2025.0804267500805,1.283,"9 Circuit St , Medford, MA 02155",42.41921685,-71.13054613268612
260,2.0,1.0,1000.0,2800.0,2175.8372028042545,1.286,"190 Harvard St , Medford, MA 02155",42.40456064285678,-71.10912243625174
261,2.0,1.0,1100.0,3000.0,2231.673045787282,1.344,"246 Harvard St , Medford, MA 02155",42.403728349999994,-71.11096105
262,4.0,1.0,1800.0,4350.0,3951.405801800068,1.1,"27 Princeton St , Medford, MA 02155",42.406104,-71.109744
264,2.0,2.0,1226.0,3300.0,2590.623125788283,1.273,"3920 Mystic Valley Pkwy , Medford, MA 02155",42.40480368666233,-71.0854813626345
265,6.0,2.0,2700.0,8100.0,6071.407161621295,1.334,"60 Frederick Ave, Medford, MA 02155",42.409162949999995,-71.11199165
266,2.0,1.0,1100.0,3200.0,2231.673045787282,1.433,"22 Stanley Ave , Medford, MA 02155",42.409636899999995,-71.11085770179687
267,4.0,1.0,1500.0,4100.0,3783.8982728509854,1.083,"27 Princeton St , Medford, MA 02155",42.406104,-71.109744
268,4.0,1.0,1360.0,3695.0,3705.728092674747,0.997,"32 Touro Ave , Medford, MA 02155",42.41676099914465,-71.11518344790011
269,4.0,3.0,2100.0,4175.0,4696.107166433923,0.889,"40 Alexander Ave , Medford, MA 02155",42.40512435,-71.10595473734057
270,2.0,1.0,1000.0,2800.0,2175.8372028042545,1.286,"30 Holton St , Medford, MA 02155",42.41841185,-71.13314854999999
273,2.0,1.0,900.0,2950.0,2120.001359821227,1.391,"66 Morton Ave , Medford, MA 02155",42.40053135,-71.10970231838513
274,4.0,3.5,1930.0,5250.0,4745.48469228397,1.106,"217 Arlington St, Medford, MA 02155",42.4169505,-71.13235014183432
275,5.0,2.0,2500.0,5100.0,5295.294548089443,0.963,"270 Harvard St , Medford, MA 02155",42.40339325,-71.11176451821228
276,3.0,2.0,600.0,3250.0,2905.5316762803286,1.118,"26 Bradlee Rd , Medford, MA 02155",42.41945435494936,-71.11043
277,4.0,1.0,1900.0,4350.0,4007.241644783095,1.085,"27 Princeton St, Medford, MA 02155",42.406104,-71.109744
278,3.0,1.0,1200.0,3900.0,2951.9498163361063,1.321,"59 Quincy St, Medford, MA 02155",42.412305694541814,-71.12607275107683
279,3.0,1.0,950.0,4200.0,2812.360208878538,1.493,"119 Burget Ave , Medford, MA 02155",42.40946036583219,-71.1176820460892
280,6.0,5.5,2215.0,6975.0,6810.692535601965,1.024,"5 Malvern Terrace, Medford, MA 02155",42.41002335,-71.10747230000001
281,4.0,4.5,2000.0,5300.0,5073.166700214475,1.044,"470 Fulton St, Medford, MA 02155",42.4353973,-71.09673679785854
282,4.0,4.5,2100.0,5300.0,5129.002543197503,1.033,"479 Fulton St , Medford, MA 02155",42.43560465,-71.0962194258446
283,4.0,4.5,2100.0,5300.0,5129.002543197503,1.033,"479 Fulton St , Medford, MA 02155",42.43560465,-71.0962194258446
284,2.0,1.0,1000.0,2750.0,2175.8372028042545,1.263,"11 5th St , Medford, MA 02155",44.17466546374007,-93.24007873666726
285,2.0,1.0,950.0,2500.0,2147.9192813127406,1.163,"153 4th St , Medford, MA 02155",45.13941343177795,-90.34113945294105
286,2.0,1.0,1000.0,2750.0,2175.8372028042545,1.263,"11 5th St , Medford, MA 02155",44.17466546374007,-93.24007873666726
287,6.0,6.0,2215.0,7200.0,6954.9909945231575,1.035,"43 Wright Ave , Medford, MA 02155",42.4059878,-71.10614837032128
288,2.0,1.0,900.0,2750.0,2120.001359821227,1.297,"11 5th St , Medford, MA 02155",44.17466546374007,-93.24007873666726
289,2.0,1.5,1050.0,3000.0,2348.0535832169617,1.277,"29 Capen St , Medford, MA 02155",42.411356749999996,-71.12375043797928
290,4.0,1.0,1200.0,4600.0,3616.390743901903,1.271,"82 Quincy St , Medford, MA 02155",42.41044,-71.12707135180537
291,2.0,1.0,900.0,2700.0,2120.001359821227,1.273,"43 Orchard St, Medford, MA 02155",42.41398135,-71.12269475
292,6.0,1.5,2200.0,7000.0,5647.929487784964,1.239,"252 Harvard St , Medford, MA 02155",42.40371966666667,-71.11128233333334
293,5.0,2.0,1536.0,6500.0,4757.037021733058,1.366,"136 Burget Ave , Medford, MA 02155",42.409172600000005,-71.11707758222346
294,2.0,1.0,900.0,3000.0,2120.001359821227,1.415,"19 Berwick Rd , Medford, MA 02155",42.403984949999995,-71.11237964012543
295,2.0,1.0,900.0,3000.0,2120.001359821227,1.415,"19 Berwick Rd , Medford, MA 02155",42.403984949999995,-71.11237964012543
296,4.0,1.0,1600.0,4900.0,3839.7341158340128,1.276,"77 Pearson Rd, Somerville, MA 02144",42.40309195,-71.11533392344334
297,2.0,1.0,900.0,2950.0,2120.001359821227,1.391,"66 Morton Ave , Medford, MA 02155",42.40053135,-71.10970231838513
299,4.0,1.0,1000.0,3425.0,3504.7190579358485,0.977,"227 Boston Ave , Medford, MA 02155",42.414633550000005,-71.12682095
300,6.0,6.0,2700.0,7700.0,7225.79483299084,1.065,"174 Fulton St, Medford, MA 02155",42.42700815,-71.10069881532138
301,5.0,3.0,2500.0,5700.0,5583.89146593183,1.02,"11 Winter Hill Rd, Medford, MA 02155",42.39886923524611,-71.10612937833643
302,5.0,4.0,1850.0,5700.0,5509.555404384537,1.034,"103 Magoun Ave , Medford, MA 02155",42.415510113122195,-71.09560875338653
303,6.0,6.5,3000.0,8900.0,7537.6008208611165,1.18,"77 Winchester St, Medford, MA 02155",42.400305599999996,-71.11033823997175
304,4.0,1.0,1400.0,4800.0,3728.062429867958,1.287,"351 Boston Ave , Medford, MA 02155",42.41088405,-71.1211414764398
305,4.0,2.0,2500.0,7000.0,4630.853620523646,1.511,"39 Bonner Ave , Medford, MA 02155",42.4042209,-71.10557610000001
306,4.0,1.0,1500.0,4100.0,3783.8982728509854,1.083,"27 Princeton St , Medford, MA 02155",42.406104,-71.109744
307,3.0,1.0,1000.0,2900.0,2840.2781303700517,1.021,"66 Kenmere Rd A, Medford, MA 02155",,
308,3.0,1.0,1000.0,2900.0,2840.2781303700517,1.021,"66 Kenmere Rd T, Medford, MA 02155",,
309,2.0,1.0,1000.0,3400.0,2175.8372028042545,1.562,"430 Main St , Medford, MA 02155",42.403247449999995,-71.1067920491202
310,2.0,1.0,950.0,2500.0,2147.9192813127406,1.163,"15 5th St , Medford, MA 02155",44.174595259812634,-93.24012269318038
311,3.0,1.0,999.0,3150.0,2839.719771940221,1.109,"12 Pinkham Rd , Medford, MA 02155",42.414348625,-71.1267585
312,2.0,2.0,999.0,3200.0,2463.8757622168105,1.298,"26 Bradlee Rd, Medford, MA 02155",42.41945435494936,-71.11043
313,4.0,1.0,1494.0,5200.0,3780.548122272003,1.375,"12 Upland Rd, Somerville, MA 02144",42.40899485,-71.12419056213362
314,5.0,2.0,1855.0,7800.0,4935.153360848916,1.58,"15 Upland Rd, Somerville, MA 02144",42.40931975,-71.12416905
315,4.0,3.0,1494.0,4000.0,4357.741957956777,0.917,"512 Medford St, Somerville, MA 02145",42.39647993325364,-71.10384923716275
316,2.0,1.0,772.0,2250.0,2048.531480802952,1.098,"45 Moreland St, Somerville, MA 02145",42.3974397,-71.09727129999999
317,4.0,2.0,2400.0,5000.0,4575.017777540619,1.092,"58 Bromfield Rd, Somerville, MA 02144",42.403264300000004,-71.1165044181372
318,4.0,1.0,1494.0,4800.0,3780.548122272003,1.269,"64 Chetwynd Rd, Somerville, MA 02144",42.4087682,-71.12698895370714
319,2.0,1.0,900.0,2400.0,2120.001359821227,1.132,"45 Main St , Somerville, MA 02145",42.3962861,-71.09897143726083
320,5.0,2.0,1500.0,5000.0,4736.936118259169,1.055,"62 Woods Ave , Somerville, MA 02144",42.412245600000006,-71.12978678656316
321,5.0,2.0,1600.0,5000.0,4792.771961242196,1.043,"52 Woods Ave , Somerville, MA 02144",42.4121085,-71.12956014999999
322,1.0,2.0,1500.0,5200.0,2079.1724079959813,2.5,"179 College Ave , Somerville, MA 02144",42.4033733,-71.11683796816327
323,3.0,3.0,1150.0,3250.0,3501.2257305293656,0.928,"512 Medford St , Somerville, MA 02145",42.39647993325364,-71.10384923716275
324,5.0,2.0,1900.0,7800.0,4960.2794901912785,1.572,"15 Upland Rd , Somerville, MA 02144",42.40931975,-71.12416905
325,1.0,1.0,650.0,2400.0,1315.9708247978615,1.823,"454 Broadway , Somerville, MA 02145",42.396429,-71.10204324176853
326,3.0,1.0,1235.0,2995.0,2971.492361380166,1.007,"585 Broadway , Somerville, MA 02145",42.39879745,-71.10813345
327,2.0,1.0,450.0,1950.0,1868.7400663976036,1.043,"474 Broadway , Somerville, MA 02145",42.3967162,-71.10314235
328,4.0,1.5,1800.0,3800.0,4095.704260721261,0.927,"34 Bay State Ave, Somerville, MA 02144",42.399429100000006,-71.11488044103496
329,2.0,1.0,775.0,2250.0,2050.206556092443,1.097,"45 Moreland St , Somerville, MA 02145",42.3974397,-71.09727129999999
330,2.0,1.0,800.0,2500.0,2064.165516838199,1.211,"45 Main St , Somerville, MA 02145",42.3962861,-71.09897143726083
331,4.0,1.0,1000.0,6000.0,3504.7190579358485,1.711,"29 Bromfield Rd , Somerville, MA 02144",42.4024571,-71.115994
332,4.0,2.0,1200.0,4900.0,3904.9876617442897,1.254,"205 College Ave , Somerville, MA 02144",42.4043465,-71.11700441813721
333,3.0,3.0,1100.0,3300.0,3473.3078090378517,0.95,"512 Medford St , Somerville, MA 02145",42.39647993325364,-71.10384923716275
334,2.0,2.0,2000.0,3045.0,3022.7925504769155,1.007,"359 Lowell St , Somerville, MA 02145",42.395947,-71.1038563
335,4.0,1.0,1025.0,3900.0,3518.678018681605,1.108,"56 Gordon St , Somerville, MA 02144",42.4127986,-71.12952896363696
336,3.0,1.0,1200.0,3600.0,2951.9498163361063,1.219,"49 Conwell Ave , Somerville, MA 02144",42.40775605,-71.12699554844534
337,4.0,2.0,1494.0,5200.0,4069.14504011439,1.277,"179 College Ave , Somerville, MA 02144",42.4033733,-71.11683796816327
338,2.0,1.0,850.0,3200.0,2092.0834383297133,1.529,"114 Rogers Ave , Somerville, MA 02144",42.399017549999996,-71.1119819514247
339,1.0,1.0,600.0,2300.0,1288.052903306348,1.785,"78 Decatur St , Arlington, MA 02474",42.414129349999996,-71.13578900479476
340,3.0,1.0,1235.0,2995.0,2971.492361380166,1.007,"585 Broadway , Somerville, MA 02145",42.39879745,-71.10813345
341,2.0,1.0,1400.0,3400.0,2399.180574736364,1.417,"6 Hinckley St, Somerville, MA 02145",42.397250650000004,-71.1050818
342,6.0,3.0,4000.0,11200.0,7085.870038243039,1.58,"741 Broadway, Somerville, MA 02144",42.40061275,-71.11364682312308
343,1.0,1.0,375.0,1850.0,1162.422256594536,1.591,"22 Saint Mary St, Malden, MA 02148",42.424075099999996,-71.08813605
344,1.0,1.0,375.0,1800.0,1162.422256594536,1.548,"22 Saint Mary St, Malden, MA 02148",42.424075099999996,-71.08813605
345,3.0,1.0,1200.0,3150.0,2951.9498163361063,1.067,"115 Bartlett St, Somerville, MA 02145",42.39549875,-71.10046628767039
346,4.0,1.0,2800.0,5200.0,4509.764231630342,1.153,"64 Chetwynd Rd, Somerville, MA 02144",42.4087682,-71.12698895370714
347,6.0,2.0,3000.0,11700.0,6238.914690570377,1.875,"50 Curtis Ave, Somerville, MA 02144",42.4079824,-71.1266744932181
348,3.0,1.0,1235.0,2995.0,2971.492361380166,1.007,"585 Broadway M, Somerville, MA 02145",,
349,2.0,1.0,1000.0,2500.0,2175.8372028042545,1.148,"27 High St  High Street, Somerville, MA 02144",42.4101144,-71.12954808096848
350,2.0,1.0,1000.0,3100.0,2175.8372028042545,1.424,"482 Broadway, Somerville, MA 02145",42.39702346977971,-71.10360324567358
351,2.0,1.0,1200.0,3500.0,2287.5088887703096,1.53,"741 Broadway , Somerville, MA 02144",42.40061275,-71.11364682312308
352,3.0,1.0,1235.0,2995.0,2971.492361380166,1.007,"585 Broadway -bed SOMER, Somerville, MA 02145",,
353,6.0,1.5,2000.0,7000.0,5536.25780181891,1.264,"4 High St, Somerville, MA 02144",42.409333849999996,-71.12919966807038
354,3.0,1.0,1000.0,3750.0,2840.2781303700517,1.32,"2 High St, Somerville, MA 02144",42.409333849999996,-71.12919966807038
355,5.0,1.0,1800.0,6500.0,4615.846729365864,1.408,"24 Chetwynd Rd, Somerville, MA 02144",42.4081099,-71.12515841920961
356,4.0,1.0,1800.0,3800.0,3951.405801800068,0.961,"34 Bay State Ave, Somerville, MA 02144",42.399429100000006,-71.11488044103496
357,6.0,3.0,2000.0,11200.0,5969.15317858249,1.876,"741 Broadway, Somerville, MA 02144",42.40061275,-71.11364682312308
358,6.0,2.0,2400.0,7350.0,5903.899632672213,1.244,"268 Willow Ave -bed, Somerville, MA 02144",,
359,4.0,1.0,1350.0,4800.0,3700.144508376444,1.297,"24 Dearborn Rd -bed 1-bath #1, Somerville, MA 02144",,
360,1.0,1.0,750.0,2650.0,1371.8066677808893,1.931,"25 Moreland St , Somerville, MA 02145",42.396906900000005,-71.09771109785349
361,3.0,1.0,940.0,3300.0,2806.776624580235,1.175,"114 Rogers Ave , Somerville, MA 02144",42.399017549999996,-71.1119819514247
362,2.0,2.0,975.0,3800.0,2450.475159900884,1.55,"122 Highland Rd -104, Somerville, MA 02144",,
363,4.0,1.0,1958.0,4500.0,4039.626433713251,1.113,"79 Glenwood Rd , Somerville, MA 02145",42.3948985,-71.10195512312823
364,2.0,1.0,999.0,3000.0,2175.2788443744244,1.379,"121 Highland Rd , Somerville, MA 02144",42.39821805,-71.11110144504781
365,4.0,2.0,1494.0,5200.0,4069.14504011439,1.277,"179 College Ave , Somerville, MA 02144",42.4033733,-71.11683796816327
366,2.0,1.0,500.0,2750.0,1896.6579878891175,1.449,"77 Fairfax St , Somerville, MA 02144",42.4124231,-71.13052184808546
367,4.0,1.0,1600.0,4800.0,3839.7341158340128,1.25,"29 Bromfield Rd , Somerville, MA 02144",42.4024571,-71.115994
368,2.0,1.0,950.0,3400.0,2147.9192813127406,1.582,"114 Rogers Ave , Somerville, MA 02144",42.399017549999996,-71.1119819514247
369,4.0,1.0,1500.0,4800.0,3783.8982728509854,1.268,"24-1 Dearborn Rd , Somerville, MA 02144",42.405044399107545,-71.11649179824273
370,1.0,1.0,650.0,2300.0,1315.9708247978615,1.747,"118 Decatur St , Arlington, MA 02474",42.41418275,-71.13783365665802
371,2.0,1.0,974.0,3400.0,2161.3198836286674,1.573,"114 Rogers Ave , Somerville, MA 02144",42.399017549999996,-71.1119819514247
